{
  "Files": 186,
  "G1 Beat Align.": 0.5409093742377377,
  "G1 Beat F1": 0.2909873043886327,
  "G1 Beat Match": 0.4469606674612634,
  "G1 FK Beat Align.": 0.5208861469852919,
  "G1 Foot Sliding": 0.524482373428601,
  "G1Dist": 6.617173194885254,
  "G1Div": 8.247352061481955,
  "Joint Range Viol.": 0.00046224199728092945,
  "Method": "G1 train-2000",
  "Root Drift": 0.13193057093178473,
  "Root Height Max": 0.898532207614632,
  "Root Height Min": 0.8593541524743521
}