{
  "BadFileCount": 0,
  "FiniteMotionRate": 1.0,
  "G1BAP": 0.4469606674612634,
  "G1BAP_precision": 0.4469606674612634,
  "G1BAP_recall": 0.25100401606425704,
  "G1BAS": 0.5409093742377377,
  "G1BeatF1": 0.2909873043886327,
  "G1BeatPrecision": 0.3943356374807988,
  "G1BeatRecall": 0.23923427229878846,
  "G1BeatTimingMeanFrames": 0.027777777777777776,
  "G1BeatTimingStdFrames": 0.511774942278862,
  "G1Dist": 6.617173194885254,
  "G1Div": 8.247352061481955,
  "G1FKBAS": 0.5208861469852919,
  "G1FeatureZeroVarianceDims": 0,
  "G1FootClearanceMean": 0.4397059501905169,
  "G1FootSliding": 0.524482373428601,
  "G1GroundPenetration": 0.06008222699165344,
  "G1ReferenceDiv": 15.267385040460908,
  "JointAccelerationMax": 1829.52685546875,
  "JointAccelerationMean": 8.618725383326852,
  "JointSmoothnessJerkMean": 351.1008954260574,
  "JointVelocityMax": 61.151309967041016,
  "JointVelocityMean": 0.5384746076090003,
  "ReferenceRangeViolationRate": 0.00046224199728092945,
  "RootAccelerationMax": 100.69904327392578,
  "RootAccelerationMean": 11.860131546516236,
  "RootDriftMean": 0.13193057093178473,
  "RootHeightMax": 0.898532207614632,
  "RootHeightMean": 0.882642497298538,
  "RootHeightMin": 0.8593541524743521,
  "RootHeightViolationRate": 0.10193548387096775,
  "RootPathLengthMean": 1.400106474276512,
  "RootSmoothnessJerkMean": 630.0246664465217,
  "RootVelocityMax": 3.26129150390625,
  "RootVelocityMean": 0.3039717258670566,
  "beat_rep": "distance",
  "checkpoint": "runs/train/g1_aist_beatdistance_featurecache/weights/train-2000.pt",
  "feature_type": "jukebox",
  "fk_metrics_enabled": true,
  "fk_model_path": "third_party/unitree_g1_description/g1_29dof_rev_1_0.xml",
  "motion_format": "g1",
  "num_audio_beats": 1494,
  "num_designated_beats": 1494,
  "num_fk_audio_beats": 1494,
  "num_fk_generated_beats": 870,
  "num_fk_matched_beats": 355,
  "num_fk_scored_files": 186,
  "num_generated_beats": 839,
  "num_motion_files": 186,
  "num_reference_files": 186,
  "num_scored_files": 186,
  "num_valid_motion_files": 186,
  "root_quat_order": "wxyz",
  "seed": 1234,
  "use_beats": true
}