{
  "Files": 186,
  "G1 Beat Align.": 0.5728312580651221,
  "G1 Beat Match": 0.4586728754365541,
  "G1Dist": 6.778853416442871,
  "G1Div": 7.543248104254058,
  "Joint Range Viol.": 0.0001075268817204301,
  "Method": "G1 train-2000",
  "Root Drift": 0.13350983736135305,
  "Root Height Max": 0.8985322079350871,
  "Root Height Min": 0.8614486811622497
}