{
  "BadFileCount": 0,
  "FiniteMotionRate": 1.0,
  "G1BAP": 0.4586728754365541,
  "G1BAP_precision": 0.4586728754365541,
  "G1BAP_recall": 0.2637215528781794,
  "G1BAS": 0.5728312580651221,
  "G1Dist": 6.778853416442871,
  "G1Div": 7.543248104254058,
  "G1FeatureZeroVarianceDims": 0,
  "G1ReferenceDiv": 15.267385043703568,
  "JointAccelerationMax": 1468.7403564453125,
  "JointAccelerationMean": 7.980953028960504,
  "JointSmoothnessJerkMean": 317.7057431774058,
  "JointVelocityMax": 48.708988189697266,
  "JointVelocityMean": 0.5251418605117766,
  "ReferenceRangeViolationRate": 0.0001075268817204301,
  "RootAccelerationMax": 51.97848892211914,
  "RootAccelerationMean": 11.5255786146457,
  "RootDriftMean": 0.13350983736135305,
  "RootHeightMax": 0.8985322079350871,
  "RootHeightMean": 0.8831702445143013,
  "RootHeightMin": 0.8614486811622497,
  "RootHeightViolationRate": 0.062043010752688164,
  "RootPathLengthMean": 1.3629817286486268,
  "RootSmoothnessJerkMean": 611.4885052653788,
  "RootVelocityMax": 2.015317440032959,
  "RootVelocityMean": 0.2952858151778194,
  "beat_rep": "distance",
  "checkpoint": "hf_model_cache/train-2000.pt",
  "feature_type": "jukebox",
  "fk_metrics_enabled": false,
  "motion_format": "g1",
  "num_audio_beats": 1494,
  "num_designated_beats": 1494,
  "num_generated_beats": 859,
  "num_motion_files": 186,
  "num_reference_files": 186,
  "num_scored_files": 186,
  "num_valid_motion_files": 186,
  "seed": 1234,
  "use_beats": true
}