{
  "BadFileCount": 0,
  "FiniteMotionRate": 1.0,
  "G1BAP": 0.0,
  "G1BAP_precision": 0.0,
  "G1BAP_recall": 0.0,
  "G1BAS": 0.2129773536208284,
  "G1BAS_direction": "music_to_motion",
  "G1BeatF1": 0.17699683968564853,
  "G1BeatPrecision": 0.2756683439072413,
  "G1BeatRecall": 0.1426955627707338,
  "G1BeatTimingMeanFrames": 0.023466054109239416,
  "G1BeatTimingStdFrames": 0.2837533329201329,
  "G1Dist": 0.0,
  "G1Div": 15.488929744619554,
  "G1FKBAS": 0.21595194600273604,
  "G1FKBAS_direction": "music_to_motion",
  "G1FKRoboPerformBAS": 0.39999880713753083,
  "G1FKRoboPerformBAS_direction": "motion_to_music",
  "G1FeatureZeroVarianceDims": 0,
  "G1FootClearanceMean": 0.030663834521269796,
  "G1FootSliding": 0.21758346407001075,
  "G1GroundPenetration": 0.039205025881528854,
  "G1ReferenceDiv": 15.488929744619554,
  "G1RoboPerformBAS": 0.4090914675013971,
  "G1RoboPerformBAS_direction": "motion_to_music",
  "JointAccelerationMax": 2280.72265625,
  "JointAccelerationMean": 20.16359869566417,
  "JointSmoothnessJerkMean": 674.9887168048931,
  "JointVelocityMax": 64.88748931884766,
  "JointVelocityMean": 1.1866017103917597,
  "ReferenceRangeViolationRate": 0.001815071024977557,
  "RootAccelerationMax": 145.21875,
  "RootAccelerationMean": 3.0155878408410657,
  "RootDriftMean": 0.31531355906849096,
  "RootHeightMax": 0.8577975434329572,
  "RootHeightMean": 0.8042436706663821,
  "RootHeightMin": 0.7253741872666624,
  "RootHeightViolationRate": 0.001776416539050536,
  "RootPathLengthMean": 1.0670844399049353,
  "RootSmoothnessJerkMean": 97.58489478391647,
  "RootVelocityMax": 5.384672164916992,
  "RootVelocityMean": 0.26809967115361333,
  "beat_rep": "audio",
  "checkpoint": "ground_truth_with_audio",
  "feature_type": "ground_truth",
  "fk_metrics_enabled": true,
  "fk_model_path": "third_party/unitree_g1_description/g1_29dof_rev_1_0.xml",
  "motion_format": "g1",
  "num_audio_beats": 25906,
  "num_designated_beats": 0,
  "num_fk_audio_beats": 25906,
  "num_fk_generated_beats": 13610,
  "num_fk_matched_beats": 3668,
  "num_fk_scored_files": 3265,
  "num_generated_beats": 13458,
  "num_motion_files": 3265,
  "num_reference_files": 3265,
  "num_roboperform_generated_beats": 13886,
  "num_scored_files": 3265,
  "num_valid_motion_files": 3265,
  "root_quat_order": "xyzw",
  "seed": 1234,
  "use_beats": true
}