{
  "BadFileCount": 0,
  "FiniteMotionRate": 1.0,
  "G1BAP": 0.33478358712774736,
  "G1BAP_precision": 0.33478358712774736,
  "G1BAP_recall": 0.1722766926580715,
  "G1BAS": 0.24982936223798763,
  "G1BAS_direction": "music_to_motion",
  "G1BeatF1": 0.22554677566434642,
  "G1BeatPrecision": 0.32407751768394955,
  "G1BeatRecall": 0.18647404633905376,
  "G1BeatTimingMeanFrames": 0.014007875738350467,
  "G1BeatTimingStdFrames": 0.37928568558342424,
  "G1Dist": 8.923905372619629,
  "G1Div": 12.301973273399778,
  "G1FKBAS": 0.2652662669296232,
  "G1FKBAS_direction": "music_to_motion",
  "G1FKRoboPerformBAS": 0.45097826642443245,
  "G1FKRoboPerformBAS_direction": "motion_to_music",
  "G1FeatureZeroVarianceDims": 0,
  "G1FootClearanceMean": 0.024754234591911034,
  "G1FootSliding": 0.5245854009530446,
  "G1GroundPenetration": 0.03227996081113815,
  "G1ReferenceDiv": 15.488929744619554,
  "G1RoboPerformBAS": 0.4666039276708135,
  "G1RoboPerformBAS_direction": "motion_to_music",
  "JointAccelerationMax": 1889.6763916015625,
  "JointAccelerationMean": 11.558102747383854,
  "JointSmoothnessJerkMean": 447.0564385996689,
  "JointVelocityMax": 66.49090576171875,
  "JointVelocityMean": 0.7554191674629879,
  "ReferenceRangeViolationRate": 0.0008521589128865888,
  "RootAccelerationMax": 120.5162124633789,
  "RootAccelerationMean": 16.676199053009157,
  "RootDriftMean": 0.2351272925019983,
  "RootHeightMax": 0.8783075544772068,
  "RootHeightMean": 0.8445276940946009,
  "RootHeightMin": 0.7954489933951525,
  "RootHeightViolationRate": 0.0,
  "RootPathLengthMean": 1.8735849841995589,
  "RootSmoothnessJerkMean": 885.7434455128523,
  "RootVelocityMax": 4.1534223556518555,
  "RootVelocityMean": 0.4083098307524808,
  "beat_rep": "distance",
  "checkpoint": "runs/train/finedance_g1_librosa35_fullctx_motiondist_cond_2000/weights/train-2000.pt",
  "feature_type": "baseline",
  "fk_metrics_enabled": true,
  "fk_model_path": "third_party/unitree_g1_description/g1_29dof_rev_1_0.xml",
  "motion_format": "g1",
  "num_audio_beats": 25906,
  "num_designated_beats": 25906,
  "num_fk_audio_beats": 25906,
  "num_fk_generated_beats": 14466,
  "num_fk_matched_beats": 4719,
  "num_fk_scored_files": 3265,
  "num_generated_beats": 13331,
  "num_motion_files": 3265,
  "num_reference_files": 3265,
  "num_roboperform_generated_beats": 12931,
  "num_scored_files": 3265,
  "num_valid_motion_files": 3265,
  "root_quat_order": "xyzw",
  "seed": 1234,
  "use_beats": true
}