{
  "Files": 3265,
  "G1 Beat Align.": 0.3045893558201103,
  "G1 Beat F1": 0.2910016355141776,
  "G1 Beat Match": 0.41837553820331314,
  "G1 FK Beat Align.": 0.31924628008581024,
  "G1 FK RoboPerform BAS": 0.5141870079510646,
  "G1 Foot Sliding": 0.5476596917894314,
  "G1 RoboPerform BAS": 0.5416480441754296,
  "G1Dist": 8.629511833190918,
  "G1Div": 12.234703898705753,
  "Joint Range Viol.": 0.000808082941683829,
  "Method": "G1 train-1000",
  "Root Drift": 0.24899306027218698,
  "Root Height Max": 0.8704405633997954,
  "Root Height Min": 0.7810490296682939
}
