{
  "BadFileCount": 0,
  "FiniteMotionRate": 1.0,
  "G1BAP": 0.41837553820331314,
  "G1BAP_precision": 0.41837553820331314,
  "G1BAP_recall": 0.2213000849224118,
  "G1BAS": 0.3045893558201103,
  "G1BAS_direction": "music_to_motion",
  "G1BeatF1": 0.2910016355141776,
  "G1BeatPrecision": 0.3995934514694086,
  "G1BeatRecall": 0.24801607897778705,
  "G1BeatTimingMeanFrames": 0.025601254284255824,
  "G1BeatTimingStdFrames": 0.5038724830650808,
  "G1Dist": 8.629511833190918,
  "G1Div": 12.234703898705753,
  "G1FKBAS": 0.31924628008581024,
  "G1FKBAS_direction": "music_to_motion",
  "G1FKRoboPerformBAS": 0.5141870079510646,
  "G1FKRoboPerformBAS_direction": "motion_to_music",
  "G1FeatureZeroVarianceDims": 0,
  "G1FootClearanceMean": 0.02677751762629461,
  "G1FootSliding": 0.5476596917894314,
  "G1GroundPenetration": 0.040557220578193665,
  "G1ReferenceDiv": 15.488929744619554,
  "G1RoboPerformBAS": 0.5416480441754296,
  "G1RoboPerformBAS_direction": "motion_to_music",
  "JointAccelerationMax": 2184.43359375,
  "JointAccelerationMean": 12.42946861589113,
  "JointSmoothnessJerkMean": 475.91214158769975,
  "JointVelocityMax": 75.603515625,
  "JointVelocityMean": 0.8249204519109259,
  "ReferenceRangeViolationRate": 0.000808082941683829,
  "RootAccelerationMax": 138.18878173828125,
  "RootAccelerationMean": 17.222688361062517,
  "RootDriftMean": 0.24899306027218698,
  "RootHeightMax": 0.8704405633997954,
  "RootHeightMean": 0.8365356394561838,
  "RootHeightMin": 0.7810490296682939,
  "RootHeightViolationRate": 0.0,
  "RootPathLengthMean": 2.0228581139723705,
  "RootSmoothnessJerkMean": 916.9519027261188,
  "RootVelocityMax": 6.109532833099365,
  "RootVelocityMean": 0.4370260443085616,
  "beat_rep": "distance",
  "checkpoint": "runs/train/finedance_g1_fkbeatdistance_1000/weights/train-1000.pt",
  "feature_type": "jukebox",
  "fk_metrics_enabled": true,
  "fk_model_path": "third_party/unitree_g1_description/g1_29dof_rev_1_0.xml",
  "motion_format": "g1",
  "num_audio_beats": 25906,
  "num_beat_rescore_errors": 0,
  "num_designated_beats": 25906,
  "num_fk_audio_beats": 25906,
  "num_fk_generated_beats": 14774,
  "num_fk_matched_beats": 6001,
  "num_fk_scored_files": 3265,
  "num_generated_beats": 13703,
  "num_motion_files": 3265,
  "num_reference_files": 3265,
  "num_roboperform_generated_beats": 13027,
  "num_roboperform_rescore_errors": 0,
  "num_scored_files": 3265,
  "num_valid_motion_files": 3265,
  "root_quat_order": "xyzw",
  "seed": 1234,
  "use_beats": true
}
